did,r_name,rarity,role,attr,hatchling_item1,hatchling_value1,hatchling_item2,hatchling_value2,hatchling_item3,hatchling_value3,hatchling_gold,adult_item1,adult_value1,adult_item2,adult_value2,adult_item3,adult_value3,adult_gold
120011,파워드래곤,legend,tanker,earth,701013,20,701112,30,701113,15,15000,701014,20,701113,60,701114,30,50000
120012,파워드래곤,legend,tanker,water,701013,20,701122,30,701123,15,15000,701014,20,701123,60,701124,30,50000
120014,파워드래곤,legend,tanker,light,701013,20,701142,30,701143,15,15000,701014,20,701143,60,701144,30,50000
120015,파워드래곤,legend,tanker,dark,701013,20,701152,30,701153,15,15000,701014,20,701153,60,701154,30,50000
120021,땅 램곤,rare,supporter,earth,701011,20,701111,20,701112,10,15000,701013,20,701112,50,701113,25,50000
120022,땅 램곤,rare,supporter,water,701011,20,701121,20,701122,10,15000,701013,20,701122,50,701123,25,50000
120023,땅 램곤,rare,supporter,fire,701011,20,701131,20,701132,10,15000,701013,20,701132,50,701133,25,50000
120024,램곤,rare,supporter,light,701011,20,701141,20,701142,10,15000,701013,20,701142,50,701143,25,50000
120025,램곤,rare,supporter,dark,701011,20,701151,20,701152,10,15000,701013,20,701152,50,701153,25,50000
120051,애플칙,common,dealer,earth,701011,10,701111,10,701112,5,15000,701011,40,701111,40,701112,20,50000
120052,애플칙,common,dealer,water,701011,10,701121,10,701122,5,15000,701011,40,701121,40,701122,20,50000
120053,애플칙,common,dealer,fire,701011,10,701131,10,701132,5,15000,701011,40,701131,40,701132,20,50000
120054,애플칙,common,dealer,light,701011,10,701141,10,701142,5,15000,701011,40,701141,40,701142,20,50000
120055,애플칙,common,dealer,dark,701011,10,701151,10,701152,5,15000,701011,40,701151,40,701152,20,50000
120071,스파인,rare,dealer,earth,701011,20,701111,20,701112,10,15000,701013,20,701112,50,701113,25,50000
120072,스파인,rare,dealer,water,701011,20,701121,20,701122,10,15000,701013,20,701122,50,701123,25,50000
120073,스파인,rare,dealer,fire,701011,20,701131,20,701132,10,15000,701013,20,701132,50,701133,25,50000
120074,스파인,rare,dealer,light,701011,20,701141,20,701142,10,15000,701013,20,701142,50,701143,25,50000
120075,스파인,rare,dealer,dark,701011,20,701151,20,701152,10,15000,701013,20,701152,50,701153,25,50000
120081,리프드래곤,common,dealer,earth,701011,10,701111,10,701112,5,15000,701011,40,701111,40,701112,20,50000
120082,리프드래곤,common,dealer,water,701011,10,701121,10,701122,5,15000,701011,40,701121,40,701122,20,50000
120083,리프드래곤,common,dealer,fire,701011,10,701131,10,701132,5,15000,701011,40,701131,40,701132,20,50000
120084,리프드래곤,common,dealer,light,701011,10,701141,10,701142,5,15000,701011,40,701141,40,701142,20,50000
120085,리프드래곤,common,dealer,dark,701011,10,701151,10,701152,5,15000,701011,40,701151,40,701152,20,50000
120091,테일드래곤,rare,supporter,earth,701011,20,701111,20,701112,10,15000,701013,20,701112,50,701113,25,50000
120092,테일드래곤,rare,supporter,water,701011,20,701121,20,701122,10,15000,701013,20,701122,50,701123,25,50000
120093,테일드래곤,rare,supporter,fire,701011,20,701131,20,701132,10,15000,701013,20,701132,50,701133,25,50000
120094,테일드래곤,rare,supporter,light,701011,20,701141,20,701142,10,15000,701013,20,701142,50,701143,25,50000
120095,테일드래곤,rare,supporter,dark,701011,20,701151,20,701152,10,15000,701013,20,701152,50,701153,25,50000
120111,페어리드래곤,hero,supporter,earth,701012,20,701112,20,701113,5,15000,701014,10,701113,30,701114,15,50000
120112,페어리드래곤,hero,supporter,water,701012,20,701122,20,701123,5,15000,701014,10,701123,30,701124,15,50000
120113,페어리드래곤,hero,supporter,fire,701012,20,701132,20,701133,5,15000,701014,10,701133,30,701134,15,50000
120114,페어리드래곤,hero,supporter,light,701012,20,701142,20,701143,5,15000,701014,10,701143,30,701144,15,50000
120115,페어리드래곤,hero,supporter,dark,701012,20,701152,20,701153,5,15000,701014,10,701153,30,701154,15,50000
120122,사이커드래곤,hero,tanker,water,701012,20,701122,20,701123,5,15000,701014,10,701123,30,701124,15,50000
120123,사이커드래곤,hero,tanker,fire,701012,20,701132,20,701133,5,15000,701014,10,701133,30,701134,15,50000
120124,사이커드래곤,hero,tanker,light,701012,20,701142,20,701143,5,15000,701014,10,701143,30,701144,15,50000
120125,사이커드래곤,hero,tanker,dark,701012,20,701152,20,701153,5,15000,701014,10,701153,30,701154,15,50000
120141,퍼플립스드래곤,common,healer,earth,701011,10,701111,10,701112,5,15000,701011,40,701111,40,701112,20,50000
120142,퍼플립스드래곤,common,healer,water,701011,10,701121,10,701122,5,15000,701011,40,701121,40,701122,20,50000
120143,퍼플립스드래곤,common,healer,fire,701011,10,701131,10,701132,5,15000,701011,40,701131,40,701132,20,50000
120144,퍼플립스드래곤,common,healer,light,701011,10,701141,10,701142,5,15000,701011,40,701141,40,701142,20,50000
120145,퍼플립스드래곤,common,healer,dark,701011,10,701151,10,701152,5,15000,701011,40,701151,40,701152,20,50000
120151,변종 에그드래곤,rare,tanker,earth,701011,20,701111,20,701112,10,15000,701013,20,701112,50,701113,25,50000
120152,변종 에그드래곤,rare,tanker,water,701011,20,701121,20,701122,10,15000,701013,20,701122,50,701123,25,50000
120153,변종 에그드래곤,rare,tanker,fire,701011,20,701131,20,701132,10,15000,701013,20,701132,50,701133,25,50000
120154,변종 에그드래곤,rare,tanker,light,701011,20,701141,20,701142,10,15000,701013,20,701142,50,701143,25,50000
120155,변종 에그드래곤,rare,tanker,dark,701011,20,701151,20,701152,10,15000,701013,20,701152,50,701153,25,50000
120161,핑크벨,rare,healer,earth,701011,20,701111,20,701112,10,15000,701013,20,701112,50,701113,25,50000
120162,핑크벨,rare,healer,water,701011,20,701121,20,701122,10,15000,701013,20,701122,50,701123,25,50000
120163,핑크벨,rare,healer,fire,701011,20,701131,20,701132,10,15000,701013,20,701132,50,701133,25,50000
120164,핑크벨,rare,healer,light,701011,20,701141,20,701142,10,15000,701013,20,701142,50,701143,25,50000
120165,핑크벨,rare,healer,dark,701011,20,701151,20,701152,10,15000,701013,20,701152,50,701153,25,50000
120172,에일리언드래곤,hero,supporter,water,701012,20,701122,20,701123,5,15000,701014,10,701123,30,701124,15,50000
120173,에일리언드래곤,hero,supporter,fire,701012,20,701132,20,701133,5,15000,701014,10,701133,30,701134,15,50000
120174,에일리언드래곤,hero,supporter,light,701012,20,701142,20,701143,5,15000,701014,10,701143,30,701144,15,50000
120175,에일리언드래곤,hero,supporter,dark,701012,20,701152,20,701153,5,15000,701014,10,701153,30,701154,15,50000
120181,블루드래곤,common,dealer,earth,701011,10,701111,10,701112,5,15000,701011,40,701111,40,701112,20,50000
120182,블루드래곤,common,dealer,water,701011,10,701121,10,701122,5,15000,701011,40,701121,40,701122,20,50000
120183,블루드래곤,common,dealer,fire,701011,10,701131,10,701132,5,15000,701011,40,701131,40,701132,20,50000
120184,블루드래곤,common,dealer,light,701011,10,701141,10,701142,5,15000,701011,40,701141,40,701142,20,50000
120185,블루드래곤,common,dealer,dark,701011,10,701151,10,701152,5,15000,701011,40,701151,40,701152,20,50000
120191,리티오,rare,healer,earth,701011,20,701111,20,701112,10,15000,701013,20,701112,50,701113,25,50000
120192,리티오,rare,healer,water,701011,20,701121,20,701122,10,15000,701013,20,701122,50,701123,25,50000
120193,리티오,rare,healer,fire,701011,20,701131,20,701132,10,15000,701013,20,701132,50,701133,25,50000
120194,리티오,rare,healer,light,701011,20,701141,20,701142,10,15000,701013,20,701142,50,701143,25,50000
120195,리티오,rare,healer,dark,701011,20,701151,20,701152,10,15000,701013,20,701152,50,701153,25,50000
120201,허리케인,hero,supporter,earth,701012,20,701112,20,701113,5,15000,701014,10,701113,30,701114,15,50000
120202,허리케인,hero,supporter,water,701012,20,701122,20,701123,5,15000,701014,10,701123,30,701124,15,50000
120203,허리케인,hero,supporter,fire,701012,20,701132,20,701133,5,15000,701014,10,701133,30,701134,15,50000
120204,허리케인,hero,supporter,light,701012,20,701142,20,701143,5,15000,701014,10,701143,30,701144,15,50000
120212,가루다,hero,tanker,water,701012,20,701122,20,701123,5,15000,701014,10,701123,30,701124,15,50000
120213,가루다,hero,tanker,fire,701012,20,701132,20,701133,5,15000,701014,10,701133,30,701134,15,50000
120214,가루다,hero,tanker,light,701012,20,701142,20,701143,5,15000,701014,10,701143,30,701144,15,50000
120215,가루다,hero,tanker,dark,701012,20,701152,20,701153,5,15000,701014,10,701153,30,701154,15,50000
120221,번개고룡,legend,dealer,earth,701013,20,701112,30,701113,15,15000,701014,20,701113,60,701114,30,50000
120223,번개고룡,legend,dealer,fire,701013,20,701132,30,701133,15,15000,701014,20,701133,60,701134,30,50000
120224,번개고룡,legend,dealer,light,701013,20,701142,30,701143,15,15000,701014,20,701143,60,701144,30,50000
120225,번개고룡,legend,dealer,dark,701013,20,701152,30,701153,15,15000,701014,20,701153,60,701154,30,50000
120231,자룡,rare,tanker,earth,701011,20,701111,20,701112,10,15000,701013,20,701112,50,701113,25,50000
120232,자룡,rare,tanker,water,701011,20,701121,20,701122,10,15000,701013,20,701122,50,701123,25,50000
120233,자룡,rare,tanker,fire,701011,20,701131,20,701132,10,15000,701013,20,701132,50,701133,25,50000
120234,자룡,rare,tanker,light,701011,20,701141,20,701142,10,15000,701013,20,701142,50,701143,25,50000
120235,자룡,rare,tanker,dark,701011,20,701151,20,701152,10,15000,701013,20,701152,50,701153,25,50000
120271,붐버,rare,tanker,earth,701011,20,701111,20,701112,10,15000,701013,20,701112,50,701113,25,50000
120272,붐버,rare,tanker,water,701011,20,701121,20,701122,10,15000,701013,20,701122,50,701123,25,50000
120273,붐버,rare,tanker,fire,701011,20,701131,20,701132,10,15000,701013,20,701132,50,701133,25,50000
120274,붐버,rare,tanker,light,701011,20,701141,20,701142,10,15000,701013,20,701142,50,701143,25,50000
120275,붐버,rare,tanker,dark,701011,20,701151,20,701152,10,15000,701013,20,701152,50,701153,25,50000
120294,고대신룡,legend,dealer,light,701013,20,701142,30,701143,15,15000,701014,20,701143,60,701144,30,50000
120295,고대신룡,legend,dealer,dark,701013,20,701152,30,701153,15,15000,701014,20,701153,60,701154,30,50000
120301,삐에로드래곤,hero,dealer,earth,701012,20,701112,20,701113,5,15000,701014,10,701113,30,701114,15,50000
120302,삐에로드래곤,hero,dealer,water,701012,20,701122,20,701123,5,15000,701014,10,701123,30,701124,15,50000
120303,삐에로드래곤,hero,dealer,fire,701012,20,701132,20,701133,5,15000,701014,10,701133,30,701134,15,50000
120304,삐에로드래곤,hero,dealer,light,701012,20,701142,20,701143,5,15000,701014,10,701143,30,701144,15,50000
120305,삐에로드래곤,hero,dealer,dark,701012,20,701152,20,701153,5,15000,701014,10,701153,30,701154,15,50000
120312,파라오드래곤,hero,tanker,water,701012,20,701122,20,701123,5,15000,701014,10,701123,30,701124,15,50000
120313,파라오드래곤,hero,tanker,fire,701012,20,701132,20,701133,5,15000,701014,10,701133,30,701134,15,50000
120314,파라오드래곤,hero,tanker,light,701012,20,701142,20,701143,5,15000,701014,10,701143,30,701144,15,50000
120315,파라오드래곤,hero,tanker,dark,701012,20,701152,20,701153,5,15000,701014,10,701153,30,701154,15,50000
120321,크레센트,rare,healer,earth,701011,20,701111,20,701112,10,15000,701013,20,701112,50,701113,25,50000
120322,크레센트,rare,healer,water,701011,20,701121,20,701122,10,15000,701013,20,701122,50,701123,25,50000
120323,크레센트,rare,healer,fire,701011,20,701131,20,701132,10,15000,701013,20,701132,50,701133,25,50000
120324,크레센트,rare,healer,light,701011,20,701141,20,701142,10,15000,701013,20,701142,50,701143,25,50000
120325,크레센트,rare,healer,dark,701011,20,701151,20,701152,10,15000,701013,20,701152,50,701153,25,50000
120331,서펀트드래곤,rare,dealer,earth,701011,20,701111,20,701112,10,15000,701013,20,701112,50,701113,25,50000
120332,서펀트드래곤,rare,dealer,water,701011,20,701121,20,701122,10,15000,701013,20,701122,50,701123,25,50000
120333,서펀트드래곤,rare,dealer,fire,701011,20,701131,20,701132,10,15000,701013,20,701132,50,701133,25,50000
120334,서펀트드래곤,rare,dealer,light,701011,20,701141,20,701142,10,15000,701013,20,701142,50,701143,25,50000
120335,서펀트드래곤,rare,dealer,dark,701011,20,701151,20,701152,10,15000,701013,20,701152,50,701153,25,50000
120371,레이디드래곤,rare,tanker,earth,701011,20,701111,20,701112,10,15000,701013,20,701112,50,701113,25,50000
120372,레이디드래곤,rare,tanker,water,701011,20,701121,20,701122,10,15000,701013,20,701122,50,701123,25,50000
120373,레이디드래곤,rare,tanker,fire,701011,20,701131,20,701132,10,15000,701013,20,701132,50,701133,25,50000
120374,레이디드래곤,rare,tanker,light,701011,20,701141,20,701142,10,15000,701013,20,701142,50,701143,25,50000
120375,레이디드래곤,rare,tanker,dark,701011,20,701151,20,701152,10,15000,701013,20,701152,50,701153,25,50000
120381,시타엘,hero,tanker,earth,701012,20,701112,20,701113,5,15000,701014,10,701113,30,701114,15,50000
120383,시타엘,hero,tanker,fire,701012,20,701132,20,701133,5,15000,701014,10,701133,30,701134,15,50000
120384,시타엘,hero,tanker,light,701012,20,701142,20,701143,5,15000,701014,10,701143,30,701144,15,50000
120385,시타엘,hero,tanker,dark,701012,20,701152,20,701153,5,15000,701014,10,701153,30,701154,15,50000
120402,흑룡,legend,dealer,water,701013,20,701122,30,701123,15,15000,701014,20,701123,60,701124,30,50000
120404,흑룡,legend,dealer,light,701013,20,701142,30,701143,15,15000,701014,20,701143,60,701144,30,50000
120405,흑룡,legend,dealer,dark,701013,20,701152,30,701153,15,15000,701014,20,701153,60,701154,30,50000
120411,옵타티오,rare,dealer,earth,701011,20,701111,20,701112,10,15000,701013,20,701112,50,701113,25,50000
120412,옵타티오,rare,dealer,water,701011,20,701121,20,701122,10,15000,701013,20,701122,50,701123,25,50000
120413,옵타티오,rare,dealer,fire,701011,20,701131,20,701132,10,15000,701013,20,701132,50,701133,25,50000
120414,옵타티오,rare,dealer,light,701011,20,701141,20,701142,10,15000,701013,20,701142,50,701143,25,50000
120415,옵타티오,rare,dealer,dark,701011,20,701151,20,701152,10,15000,701013,20,701152,50,701153,25,50000
120421,수라드래곤,hero,dealer,earth,701012,20,701112,20,701113,5,15000,701014,10,701113,30,701114,15,50000
120422,수라드래곤,hero,dealer,water,701012,20,701122,20,701123,5,15000,701014,10,701123,30,701124,15,50000
120423,수라드래곤,hero,dealer,fire,701012,20,701132,20,701133,5,15000,701014,10,701133,30,701134,15,50000
120425,수라드래곤,hero,dealer,dark,701012,20,701152,20,701153,5,15000,701014,10,701153,30,701154,15,50000
120431,땅 스마트드래곤,legend,supporter,earth,701013,20,701112,30,701113,15,15000,701014,20,701113,60,701114,30,50000
120432,물 스마트드래곤,legend,supporter,water,701013,20,701122,30,701123,15,15000,701014,20,701123,60,701124,30,50000
120433,불 스마트드래곤,legend,supporter,fire,701013,20,701132,30,701133,15,15000,701014,20,701133,60,701134,30,50000
120434,빛 스마트드래곤,legend,supporter,light,701013,20,701142,30,701143,15,15000,701014,20,701143,60,701144,30,50000
120435,어둠 스마트드래곤,legend,supporter,dark,701013,20,701152,30,701153,15,15000,701014,20,701153,60,701154,30,50000
120391,원더드래곤,hero,dealer,earth,701012,20,701112,20,701113,5,15000,701014,10,701113,30,701114,15,50000
120392,원더드래곤,hero,dealer,water,701012,20,701122,20,701123,5,15000,701014,10,701123,30,701124,15,50000
120393,원더드래곤,hero,dealer,fire,701012,20,701132,20,701133,5,15000,701014,10,701133,30,701134,15,50000
120395,원더드래곤,hero,dealer,dark,701012,20,701152,20,701153,5,15000,701014,10,701153,30,701154,15,50000
120443,아르주나,hero,dealer,fire,701012,20,701132,20,701133,5,15000,701014,10,701133,30,701134,15,50000
120444,빛 아르주나,hero,dealer,light,701012,20,701142,20,701143,5,15000,701014,10,701143,30,701144,15,50000
120451,땅 카르나,legend,dealer,earth,701013,20,701112,30,701113,15,15000,701014,20,701113,60,701114,30,50000
120454,빛 카르나,legend,dealer,light,701013,20,701142,30,701143,15,15000,701014,20,701143,60,701144,30,50000
120455,어둠 카르나,legend,dealer,dark,701013,20,701152,30,701153,15,15000,701014,20,701153,60,701154,30,50000
120462,베루스,legend,healer,water,701013,20,701122,30,701123,15,15000,701014,20,701123,60,701124,30,50000
120463,베루스,legend,healer,fire,701013,20,701132,30,701133,15,15000,701014,20,701133,60,701134,30,50000
120061,에스티미아,rare,healer,earth,701011,20,701111,20,701112,10,15000,701013,20,701112,50,701113,25,50000
120062,에스티미아,rare,healer,water,701011,20,701121,20,701122,10,15000,701013,20,701122,50,701123,25,50000
120063,에스티미아,rare,healer,fire,701011,20,701131,20,701132,10,15000,701013,20,701132,50,701133,25,50000
120064,에스티미아,rare,healer,light,701011,20,701141,20,701142,10,15000,701013,20,701142,50,701143,25,50000
120065,에스티미아,rare,healer,dark,701011,20,701151,20,701152,10,15000,701013,20,701152,50,701153,25,50000
120101,빙하고룡,legend,tanker,earth,701013,20,701112,30,701113,15,15000,701014,20,701113,60,701114,30,50000
120102,빙하고룡,legend,tanker,water,701013,20,701122,30,701123,15,15000,701014,20,701123,60,701124,30,50000
120104,빙하고룡,legend,tanker,light,701013,20,701142,30,701143,15,15000,701014,20,701143,60,701144,30,50000
120105,빙하고룡,legend,tanker,dark,701013,20,701152,30,701153,15,15000,701014,20,701153,60,701154,30,50000
120241,파이거,hero,dealer,earth,701012,20,701112,20,701113,5,15000,701014,10,701113,30,701114,15,50000
120242,파이거,hero,dealer,water,701012,20,701122,20,701123,5,15000,701014,10,701123,30,701124,15,50000
120243,파이거,hero,dealer,fire,701012,20,701132,20,701133,5,15000,701014,10,701133,30,701134,15,50000
120244,파이거,hero,dealer,light,701012,20,701142,20,701143,5,15000,701014,10,701143,30,701144,15,50000
120344,다크닉스,legend,dealer,light,701013,20,701142,30,701143,15,15000,701014,20,701143,60,701144,30,50000
120345,다크닉스,legend,dealer,dark,701013,20,701152,30,701153,15,15000,701014,20,701153,60,701154,30,50000
120041,오르페우스,hero,dealer,earth,701012,20,701112,20,701113,5,15000,701014,10,701113,30,701114,15,50000
120042,오르페우스,hero,dealer,water,701012,20,701122,20,701123,5,15000,701014,10,701123,30,701124,15,50000
120043,오르페우스,hero,dealer,fire,701012,20,701132,20,701133,5,15000,701014,10,701133,30,701134,15,50000
120045,오르페우스,hero,dealer,dark,701012,20,701152,20,701153,5,15000,701014,10,701153,30,701154,15,50000
120351,캣츠곤,rare,dealer,earth,701011,20,701111,20,701112,10,15000,701013,20,701112,50,701113,25,50000
120352,캣츠곤,rare,dealer,water,701011,20,701121,20,701122,10,15000,701013,20,701122,50,701123,25,50000
120353,캣츠곤,rare,dealer,fire,701011,20,701131,20,701132,10,15000,701013,20,701132,50,701133,25,50000
120354,캣츠곤,rare,dealer,light,701011,20,701141,20,701142,10,15000,701013,20,701142,50,701143,25,50000
120355,캣츠곤,rare,dealer,dark,701011,20,701151,20,701152,10,15000,701013,20,701152,50,701153,25,50000
120471,바위드래곤,common,tanker,earth,701011,10,701111,10,701112,5,15000,701011,40,701111,40,701112,20,50000
120472,바위드래곤,common,tanker,water,701011,10,701121,10,701122,5,15000,701011,40,701121,40,701122,20,50000
120473,바위드래곤,common,tanker,fire,701011,10,701131,10,701132,5,15000,701011,40,701131,40,701132,20,50000
120474,바위드래곤,common,tanker,light,701011,10,701141,10,701142,5,15000,701011,40,701141,40,701142,20,50000
120475,바위드래곤,common,tanker,dark,701011,10,701151,10,701152,5,15000,701011,40,701151,40,701152,20,50000
120481,불스드래곤,rare,tanker,earth,701011,20,701111,20,701112,10,15000,701013,20,701112,50,701113,25,50000
120482,불스드래곤,rare,tanker,water,701011,20,701121,20,701122,10,15000,701013,20,701122,50,701123,25,50000
120483,불스드래곤,rare,tanker,fire,701011,20,701131,20,701132,10,15000,701013,20,701132,50,701133,25,50000
120484,불스드래곤,rare,tanker,light,701011,20,701141,20,701142,10,15000,701013,20,701142,50,701143,25,50000
120485,불스드래곤,rare,tanker,dark,701011,20,701151,20,701152,10,15000,701013,20,701152,50,701153,25,50000
120491,오미야콘,rare,dealer,earth,701011,20,701111,20,701112,10,15000,701013,20,701112,50,701113,25,50000
120492,오미야콘,rare,dealer,water,701011,20,701121,20,701122,10,15000,701013,20,701122,50,701123,25,50000
120493,오미야콘,rare,dealer,fire,701011,20,701131,20,701132,10,15000,701013,20,701132,50,701133,25,50000
120494,오미야콘,rare,dealer,light,701011,20,701141,20,701142,10,15000,701013,20,701142,50,701143,25,50000
120495,오미야콘,rare,dealer,dark,701011,20,701151,20,701152,10,15000,701013,20,701152,50,701153,25,50000
120501,돌개바람드래곤,common,supporter,earth,701011,10,701111,10,701112,5,15000,701011,40,701111,40,701112,20,50000
120502,돌개바람드래곤,common,supporter,water,701011,10,701121,10,701122,5,15000,701011,40,701121,40,701122,20,50000
120503,돌개바람드래곤,common,supporter,fire,701011,10,701131,10,701132,5,15000,701011,40,701131,40,701132,20,50000
120504,돌개바람드래곤,common,supporter,light,701011,10,701141,10,701142,5,15000,701011,40,701141,40,701142,20,50000
120505,돌개바람드래곤,common,supporter,dark,701011,10,701151,10,701152,5,15000,701011,40,701151,40,701152,20,50000
120511,테디드래곤,hero,healer,earth,701012,20,701112,20,701113,5,15000,701014,10,701113,30,701114,15,50000
120512,테디드래곤,hero,healer,water,701012,20,701122,20,701123,5,15000,701014,10,701123,30,701124,15,50000
120513,테디드래곤,hero,healer,fire,701012,20,701132,20,701133,5,15000,701014,10,701133,30,701134,15,50000
120514,테디드래곤,hero,healer,light,701012,20,701142,20,701143,5,15000,701014,10,701143,30,701144,15,50000
120521,헝그리드래곤,rare,tanker,earth,701011,20,701111,20,701112,10,15000,701013,20,701112,50,701113,25,50000
120522,헝그리드래곤,rare,tanker,water,701011,20,701121,20,701122,10,15000,701013,20,701122,50,701123,25,50000
120523,헝그리드래곤,rare,tanker,fire,701011,20,701131,20,701132,10,15000,701013,20,701132,50,701133,25,50000
120524,헝그리드래곤,rare,tanker,light,701011,20,701141,20,701142,10,15000,701013,20,701142,50,701143,25,50000
120525,헝그리드래곤,rare,tanker,dark,701011,20,701151,20,701152,10,15000,701013,20,701152,50,701153,25,50000
120531,순둥곤,hero,healer,earth,701012,20,701112,20,701113,5,15000,701014,10,701113,30,701114,15,50000
120532,순둥곤,hero,healer,water,701012,20,701122,20,701123,5,15000,701014,10,701123,30,701124,15,50000
120533,순둥곤,hero,healer,fire,701012,20,701132,20,701133,5,15000,701014,10,701133,30,701134,15,50000
120534,순둥곤,hero,healer,light,701012,20,701142,20,701143,5,15000,701014,10,701143,30,701144,15,50000
120541,캥거레빗드래곤,rare,dealer,earth,701011,20,701111,20,701112,10,15000,701013,20,701112,50,701113,25,50000
120542,캥거레빗드래곤,rare,dealer,water,701011,20,701121,20,701122,10,15000,701013,20,701122,50,701123,25,50000
120543,캥거레빗드래곤,rare,dealer,fire,701011,20,701131,20,701132,10,15000,701013,20,701132,50,701133,25,50000
120544,캥거레빗드래곤,rare,dealer,light,701011,20,701141,20,701142,10,15000,701013,20,701142,50,701143,25,50000
120545,캥거레빗드래곤,rare,dealer,dark,701011,20,701151,20,701152,10,15000,701013,20,701152,50,701153,25,50000
120551,섬머샤인,rare,healer,earth,701011,20,701111,20,701112,10,15000,701013,20,701112,50,701113,25,50000
120552,섬머샤인,rare,healer,water,701011,20,701121,20,701122,10,15000,701013,20,701122,50,701123,25,50000
120553,섬머샤인,rare,healer,fire,701011,20,701131,20,701132,10,15000,701013,20,701132,50,701133,25,50000
120554,섬머샤인,rare,healer,light,701011,20,701141,20,701142,10,15000,701013,20,701142,50,701143,25,50000
120555,섬머샤인,rare,healer,dark,701011,20,701151,20,701152,10,15000,701013,20,701152,50,701153,25,50000
120561,윗치드래곤,rare,supporter,earth,701011,20,701111,20,701112,10,15000,701013,20,701112,50,701113,25,50000
120562,윗치드래곤,rare,supporter,water,701011,20,701121,20,701122,10,15000,701013,20,701122,50,701123,25,50000
120563,윗치드래곤,rare,supporter,fire,701011,20,701131,20,701132,10,15000,701013,20,701132,50,701133,25,50000
120564,윗치드래곤,rare,supporter,light,701011,20,701141,20,701142,10,15000,701013,20,701142,50,701143,25,50000
120565,윗치드래곤,rare,supporter,dark,701011,20,701151,20,701152,10,15000,701013,20,701152,50,701153,25,50000
120572,클라우드드래곤,legend,healer,water,701013,20,701122,30,701123,15,15000,701014,20,701123,60,701124,30,50000
120574,클라우드드래곤,legend,healer,light,701013,20,701142,30,701143,15,15000,701014,20,701143,60,701144,30,50000
120581,블랙찡또,hero,dealer,earth,701012,20,701112,20,701113,5,15000,701014,10,701113,30,701114,15,50000
120582,블랙찡또,hero,dealer,water,701012,20,701122,20,701123,5,15000,701014,10,701123,30,701124,15,50000
120584,블랙찡또,hero,dealer,light,701012,20,701142,20,701143,5,15000,701014,10,701143,30,701144,15,50000
120585,블랙찡또,hero,dealer,dark,701012,20,701152,20,701153,5,15000,701014,10,701153,30,701154,15,50000
120591,고디움,hero,supporter,earth,701012,20,701112,20,701113,5,15000,701014,10,701113,30,701114,15,50000
120593,고디움,hero,supporter,fire,701012,20,701132,20,701133,5,15000,701014,10,701133,30,701134,15,50000
120594,고디움,hero,supporter,light,701012,20,701142,20,701143,5,15000,701014,10,701143,30,701144,15,50000
120595,고디움,hero,supporter,dark,701012,20,701152,20,701153,5,15000,701014,10,701153,30,701154,15,50000
120601,리소드래곤,hero,tanker,earth,701012,20,701112,20,701113,5,15000,701014,10,701113,30,701114,15,50000
120602,리소드래곤,hero,tanker,water,701012,20,701122,20,701123,5,15000,701014,10,701123,30,701124,15,50000
120604,리소드래곤,hero,tanker,light,701012,20,701142,20,701143,5,15000,701014,10,701143,30,701144,15,50000
120605,리소드래곤,hero,tanker,dark,701012,20,701152,20,701153,5,15000,701014,10,701153,30,701154,15,50000
120611,메탈마그넷드래곤,legend,tanker,earth,701013,20,701112,30,701113,15,15000,701014,20,701113,60,701114,30,50000
120612,메탈마그넷드래곤,legend,tanker,water,701013,20,701122,30,701123,15,15000,701014,20,701123,60,701124,30,50000
120613,메탈마그넷드래곤,legend,tanker,fire,701013,20,701132,30,701133,15,15000,701014,20,701133,60,701134,30,50000
120623,블랙퀸,legend,supporter,fire,701013,20,701132,30,701133,15,15000,701014,20,701133,60,701134,30,50000
120625,블랙퀸,legend,supporter,dark,701013,20,701152,30,701153,15,15000,701014,20,701153,60,701154,30,50000
120634,베네지드래곤,hero,healer,light,701012,20,701142,20,701143,5,15000,701014,10,701143,30,701144,15,50000
120635,베네지드래곤,hero,healer,dark,701012,20,701152,20,701153,5,15000,701014,10,701153,30,701154,15,50000
120641,말덱,hero,dealer,earth,701012,20,701112,20,701113,5,15000,701014,10,701113,30,701114,15,50000
120642,말덱,hero,dealer,water,701012,20,701122,20,701123,5,15000,701014,10,701123,30,701124,15,50000
120643,말덱,hero,dealer,fire,701012,20,701132,20,701133,5,15000,701014,10,701133,30,701134,15,50000
120644,빛 말덱,hero,dealer,light,701012,20,701142,20,701143,5,15000,701014,10,701143,30,701144,15,50000
120651,토템드래곤,legend,healer,earth,701013,20,701112,30,701113,15,15000,701014,20,701113,60,701114,30,50000
120653,토템드래곤,legend,healer,fire,701013,20,701132,30,701133,15,15000,701014,20,701133,60,701134,30,50000
120655,토템드래곤,legend,healer,dark,701013,20,701152,30,701153,15,15000,701014,20,701153,60,701154,30,50000
120662,마그나스,legend,dealer,water,701013,20,701122,30,701123,15,15000,701014,20,701123,60,701124,30,50000
120663,마그나스,legend,dealer,fire,701013,20,701132,30,701133,15,15000,701014,20,701133,60,701134,30,50000
120665,마그나스,legend,dealer,dark,701013,20,701152,30,701153,15,15000,701014,20,701153,60,701154,30,50000
120671,헬가스트,hero,healer,earth,701012,20,701112,20,701113,5,15000,701014,10,701113,30,701114,15,50000
120673,헬가스트,hero,healer,fire,701012,20,701132,20,701133,5,15000,701014,10,701133,30,701134,15,50000
120675,헬가스트,hero,healer,dark,701012,20,701152,20,701153,5,15000,701014,10,701153,30,701154,15,50000
120683,블랙아머,legend,tanker,fire,701013,20,701132,30,701133,15,15000,701014,20,701133,60,701134,30,50000
120684,블랙아머,legend,tanker,light,701013,20,701142,30,701143,15,15000,701014,20,701143,60,701144,30,50000
120685,블랙아머,legend,tanker,dark,701013,20,701152,30,701153,15,15000,701014,20,701153,60,701154,30,50000
120691,데몽&가고일,legend,dealer,earth,701013,20,701112,30,701113,15,15000,701014,20,701113,60,701114,30,50000
120692,데몽&가고일,legend,supporter,water,701013,20,701122,30,701123,15,15000,701014,20,701123,60,701124,30,50000
120695,데몽&가고일,legend,supporter,dark,701013,20,701152,30,701153,15,15000,701014,20,701153,60,701154,30,50000
120701,와일드드래곤,hero,tanker,earth,701012,20,701112,20,701113,5,15000,701014,10,701113,30,701114,15,50000
120702,와일드드래곤,hero,tanker,water,701012,20,701122,20,701123,5,15000,701014,10,701123,30,701124,15,50000
120703,와일드드래곤,hero,tanker,fire,701012,20,701132,20,701133,5,15000,701014,10,701133,30,701134,15,50000
120731,태엽드래곤,rare,dealer,earth,701011,20,701111,20,701112,10,15000,701013,20,701112,50,701113,25,50000
120732,태엽드래곤,rare,dealer,water,701011,20,701121,20,701122,10,15000,701013,20,701122,50,701123,25,50000
120733,태엽드래곤,rare,dealer,fire,701011,20,701131,20,701132,10,15000,701013,20,701132,50,701133,25,50000
120734,태엽드래곤,rare,dealer,light,701011,20,701141,20,701142,10,15000,701013,20,701142,50,701143,25,50000
120711,아프로디테,legend,healer,earth,701013,20,701112,30,701113,15,15000,701014,20,701113,60,701114,30,50000
120712,아프로디테,legend,healer,water,701013,20,701122,30,701123,15,15000,701014,20,701123,60,701124,30,50000
120713,아프로디테,legend,healer,fire,701013,20,701132,30,701133,15,15000,701014,20,701133,60,701134,30,50000
120714,아프로디테,legend,healer,light,701013,20,701142,30,701143,15,15000,701014,20,701143,60,701144,30,50000
120715,아프로디테,legend,healer,dark,701013,20,701152,30,701153,15,15000,701014,20,701153,60,701154,30,50000
120721,큐피트,legend,supporter,earth,701013,20,701112,30,701113,15,15000,701014,20,701113,60,701114,30,50000
120722,큐피트,legend,supporter,water,701013,20,701122,30,701123,15,15000,701014,20,701123,60,701124,30,50000
120723,큐피트,legend,supporter,fire,701013,20,701132,30,701133,15,15000,701014,20,701133,60,701134,30,50000
120724,큐피트,legend,supporter,light,701013,20,701142,30,701143,15,15000,701014,20,701143,60,701144,30,50000
120725,큐피트,legend,supporter,dark,701013,20,701152,30,701153,15,15000,701014,20,701153,60,701154,30,50000
120742,물 앙그라,legend,dealer,water,701013,20,701122,30,701123,15,15000,701014,20,701123,60,701124,30,50000
120743,앙그라,legend,dealer,fire,701013,20,701132,30,701133,15,15000,701014,20,701133,60,701134,30,50000
120745,앙그라,legend,dealer,dark,701013,20,701152,30,701153,15,15000,701014,20,701153,60,701154,30,50000
120751,파티드래곤,legend,supporter,earth,701013,20,701112,30,701113,15,15000,701014,20,701113,60,701114,30,50000
120752,파티드래곤,legend,supporter,water,701013,20,701122,30,701123,15,15000,701014,20,701123,60,701124,30,50000
120753,파티드래곤,legend,supporter,fire,701013,20,701132,30,701133,15,15000,701014,20,701133,60,701134,30,50000
120754,파티드래곤,legend,supporter,light,701013,20,701142,30,701143,15,15000,701014,20,701143,60,701144,30,50000
120755,파티드래곤,legend,supporter,dark,701013,20,701152,30,701153,15,15000,701014,20,701153,60,701154,30,50000
120761,크리마용,hero,supporter,earth,701012,20,701112,20,701113,5,15000,701014,10,701113,30,701114,15,50000
120762,크리마용,hero,supporter,water,701012,20,701122,20,701123,5,15000,701014,10,701123,30,701124,15,50000
120763,크리마용,hero,supporter,fire,701012,20,701132,20,701133,5,15000,701014,10,701133,30,701134,15,50000
120771,타이탄,legend,tanker,earth,701013,20,701112,30,701113,15,15000,701014,20,701113,60,701114,30,50000
120772,타이탄,legend,tanker,water,701013,20,701122,30,701123,15,15000,701014,20,701123,60,701124,30,50000
120773,타이탄,legend,tanker,fire,701013,20,701132,30,701133,15,15000,701014,20,701133,60,701134,30,50000
120775,타이탄,legend,tanker,dark,701013,20,701152,30,701153,15,15000,701014,20,701153,60,701154,30,50000
120781,미니드래곤,legend,dealer,earth,701013,20,701112,30,701113,15,15000,701014,20,701113,60,701114,30,50000
120782,미니드래곤,legend,dealer,water,701013,20,701122,30,701123,15,15000,701014,20,701123,60,701124,30,50000
120783,미니드래곤,legend,dealer,fire,701013,20,701132,30,701133,15,15000,701014,20,701133,60,701134,30,50000
120784,미니드래곤,legend,dealer,light,701013,20,701142,30,701143,15,15000,701014,20,701143,60,701144,30,50000
120791,땅 미트라,legend,supporter,earth,701013,20,701112,30,701113,15,15000,701014,20,701113,60,701114,30,50000
120794,빛 미트라,legend,supporter,light,701013,20,701142,30,701143,15,15000,701014,20,701143,60,701144,30,50000
120801,뇌신,legend,tanker,earth,701013,20,701112,30,701113,15,15000,701014,20,701113,60,701114,30,50000
120803,뇌신,legend,tanker,fire,701013,20,701132,30,701133,15,15000,701014,20,701133,60,701134,30,50000
120804,뇌신,legend,tanker,light,701013,20,701142,30,701143,15,15000,701014,20,701143,60,701144,30,50000
120811,제트드래곤,legend,dealer,earth,701013,20,701112,30,701113,15,15000,701014,20,701113,60,701114,30,50000
120812,제트드래곤,legend,dealer,water,701013,20,701122,30,701123,15,15000,701014,20,701123,60,701124,30,50000
120813,제트드래곤,legend,dealer,fire,701013,20,701132,30,701133,15,15000,701014,20,701133,60,701134,30,50000
120814,제트드래곤,legend,dealer,light,701013,20,701142,30,701143,15,15000,701014,20,701143,60,701144,30,50000
120821,바그마,legend,supporter,earth,701013,20,701112,30,701113,15,15000,701014,20,701113,60,701114,30,50000
120822,바그마,legend,supporter,water,701013,20,701122,30,701123,15,15000,701014,20,701123,60,701124,30,50000
120823,바그마,legend,supporter,fire,701013,20,701132,30,701133,15,15000,701014,20,701133,60,701134,30,50000
120824,바그마,legend,supporter,light,701013,20,701142,30,701143,15,15000,701014,20,701143,60,701144,30,50000
120834,빛 베르나,legend,healer,light,701013,20,701142,30,701143,15,15000,701014,20,701143,60,701144,30,50000
120835,어둠 베르나,legend,healer,dark,701013,20,701152,30,701153,15,15000,701014,20,701153,60,701154,30,50000
120841,땅 타로스,legend,tanker,earth,701013,20,701112,30,701113,15,15000,701014,20,701113,60,701114,30,50000
120842,물 타로스,legend,tanker,water,701013,20,701122,30,701123,15,15000,701014,20,701123,60,701124,30,50000
120843,불 타로스,legend,tanker,fire,701013,20,701132,30,701133,15,15000,701014,20,701133,60,701134,30,50000
120845,어둠 타로스,legend,tanker,dark,701013,20,701152,30,701153,15,15000,701014,20,701153,60,701154,30,50000
120851,땅 카멜레용,hero,supporter,earth,701012,20,701112,20,701113,5,15000,701014,10,701113,30,701114,15,50000
120852,물 카멜레용,hero,supporter,water,701012,20,701122,20,701123,5,15000,701014,10,701123,30,701124,15,50000
120853,불 카멜레용,hero,supporter,fire,701012,20,701132,20,701133,5,15000,701014,10,701133,30,701134,15,50000
120861,땅 하데스,legend,dealer,earth,701013,20,701112,30,701113,15,15000,701014,20,701113,60,701114,30,50000
120862,물 하데스,legend,dealer,water,701013,20,701122,30,701123,15,15000,701014,20,701123,60,701124,30,50000
120863,불 하데스,legend,dealer,fire,701013,20,701132,30,701133,15,15000,701014,20,701133,60,701134,30,50000
120865,어둠 하데스,legend,dealer,dark,701013,20,701152,30,701153,15,15000,701014,20,701153,60,701154,30,50000
120871,땅 아이리스,legend,dealer,earth,701013,20,701112,30,701113,15,15000,701014,20,701113,60,701114,30,50000
120872,물 아이리스,legend,dealer,water,701013,20,701122,30,701123,15,15000,701014,20,701123,60,701124,30,50000
120874,빛 아이리스,legend,dealer,light,701013,20,701142,30,701143,15,15000,701014,20,701143,60,701144,30,50000
120881,땅 페넬리온,legend,supporter,earth,701013,20,701112,30,701113,15,15000,701014,20,701113,60,701114,30,50000
120882,물 페넬리온,legend,supporter,water,701013,20,701122,30,701123,15,15000,701014,20,701123,60,701124,30,50000
120884,빛 페넬리온,legend,supporter,light,701013,20,701142,30,701143,15,15000,701014,20,701143,60,701144,30,50000
120885,어둠 페넬리온,legend,supporter,dark,701013,20,701152,30,701153,15,15000,701014,20,701153,60,701154,30,50000
120891,땅 어비스엣지,legend,tanker,earth,701013,20,701112,30,701113,15,15000,701014,20,701113,60,701114,30,50000
120892,물 어비스엣지,legend,tanker,water,701013,20,701122,30,701123,15,15000,701014,20,701123,60,701124,30,50000
120893,불 어비스엣지,legend,tanker,fire,701013,20,701132,30,701133,15,15000,701014,20,701133,60,701134,30,50000
120894,빛 어비스엣지,legend,tanker,light,701013,20,701142,30,701143,15,15000,701014,20,701143,60,701144,30,50000
120901,땅 슈팅스타,legend,dealer,earth,701013,20,701112,30,701113,15,15000,701014,20,701113,60,701114,30,50000
120902,물 슈팅스타,legend,dealer,water,701013,20,701122,30,701123,15,15000,701014,20,701123,60,701124,30,50000
120903,불 슈팅스타,legend,dealer,fire,701013,20,701132,30,701133,15,15000,701014,20,701133,60,701134,30,50000
120904,빛 슈팅스타,legend,dealer,light,701013,20,701142,30,701143,15,15000,701014,20,701143,60,701144,30,50000
121001,땅 솔라,legend,dealer,earth,701013,20,701112,30,701113,15,15000,701014,20,701113,60,701114,30,50000
121002,물 솔라,legend,dealer,water,701013,20,701122,30,701123,15,15000,701014,20,701123,60,701124,30,50000
121003,불 솔라,legend,dealer,fire,701013,20,701132,30,701133,15,15000,701014,20,701133,60,701134,30,50000
121004,빛 솔라,legend,dealer,light,701013,20,701142,30,701143,15,15000,701014,20,701143,60,701144,30,50000
121011,땅 에닉스,legend,healer,earth,701013,20,701112,30,701113,15,15000,701014,20,701113,60,701114,30,50000
121012,물 에닉스,legend,healer,water,701013,20,701122,30,701123,15,15000,701014,20,701123,60,701124,30,50000
121013,불 에닉스,legend,healer,fire,701013,20,701132,30,701133,15,15000,701014,20,701133,60,701134,30,50000
121015,어둠 에닉스,legend,healer,dark,701013,20,701152,30,701153,15,15000,701014,20,701153,60,701154,30,50000
121021,땅 멜로우드래곤,legend,supporter,earth,701013,20,701112,30,701113,15,15000,701014,20,701113,60,701114,30,50000
121022,물 멜로우드래곤,legend,supporter,water,701013,20,701122,30,701123,15,15000,701014,20,701123,60,701124,30,50000
121023,불 멜로우드래곤,legend,supporter,fire,701013,20,701132,30,701133,15,15000,701014,20,701133,60,701134,30,50000
121024,빛 멜로우드래곤,legend,supporter,light,701013,20,701142,30,701143,15,15000,701014,20,701143,60,701144,30,50000
121025,어둠 멜로우드래곤,legend,supporter,dark,701013,20,701152,30,701153,15,15000,701014,20,701153,60,701154,30,50000
121031,땅 로롤리,legend,dealer,earth,701013,20,701112,30,701113,15,15000,701014,20,701113,60,701114,30,50000
121033,불 로롤리,legend,dealer,fire,701013,20,701132,30,701133,15,15000,701014,20,701133,60,701134,30,50000
121035,어둠 로롤리,legend,dealer,dark,701013,20,701152,30,701153,15,15000,701014,20,701153,60,701154,30,50000
121041,땅 게일드래곤,legend,supporter,earth,701013,20,701112,30,701113,15,15000,701014,20,701113,60,701114,30,50000
121042,물 게일드래곤,legend,supporter,water,701013,20,701122,30,701123,15,15000,701014,20,701123,60,701124,30,50000
121043,불 게일드래곤,legend,supporter,fire,701013,20,701132,30,701133,15,15000,701014,20,701133,60,701134,30,50000
121045,어둠 게일드래곤,legend,supporter,dark,701013,20,701152,30,701153,15,15000,701014,20,701153,60,701154,30,50000
121051,땅 제피로스,legend,dealer,earth,701013,20,701112,30,701113,15,15000,701014,20,701113,60,701114,30,50000
121053,불 제피로스,legend,dealer,fire,701013,20,701132,30,701133,15,15000,701014,20,701133,60,701134,30,50000
121055,어둠 제피로스,legend,dealer,dark,701013,20,701152,30,701153,15,15000,701014,20,701153,60,701154,30,50000
121064,빛 마누스,legend,healer,light,701013,20,701142,30,701143,15,15000,701014,20,701143,60,701144,30,50000
121065,어둠 마누스,legend,healer,dark,701013,20,701152,30,701153,15,15000,701014,20,701153,60,701154,30,50000
121071,땅 아가레스,legend,tanker,earth,701013,20,701112,30,701113,15,15000,701014,20,701113,60,701114,30,50000
121073,불 아가레스,legend,tanker,fire,701013,20,701132,30,701133,15,15000,701014,20,701133,60,701134,30,50000
121075,어둠 아가레스,legend,tanker,dark,701013,20,701152,30,701153,15,15000,701014,20,701153,60,701154,30,50000
121081,땅 루미네스,legend,dealer,earth,701013,20,701112,30,701113,15,15000,701014,20,701113,60,701114,30,50000
121082,물 루미네스,legend,dealer,water,701013,20,701122,30,701123,15,15000,701014,20,701123,60,701124,30,50000
121085,어둠 루미네스,legend,dealer,dark,701013,20,701152,30,701153,15,15000,701014,20,701153,60,701154,30,50000
121092,물 가디언,legend,dealer,water,701013,20,701122,30,701123,15,15000,701014,20,701123,60,701124,30,50000
121093,불 가디언,legend,dealer,fire,701013,20,701132,30,701133,15,15000,701014,20,701133,60,701134,30,50000
121094,빛 가디언,legend,dealer,light,701013,20,701142,30,701143,15,15000,701014,20,701143,60,701144,30,50000
121101,땅 다크베인,legend,dealer,earth,701013,20,701112,30,701113,15,15000,701014,20,701113,60,701114,30,50000
121103,불 다크베인,legend,dealer,fire,701013,20,701132,30,701133,15,15000,701014,20,701133,60,701134,30,50000
121105,어둠 다크베인,legend,dealer,dark,701013,20,701152,30,701153,15,15000,701014,20,701153,60,701154,30,50000
121111,땅 뱃도치드래곤,hero,dealer,earth,701012,20,701112,20,701113,5,15000,701014,10,701113,30,701114,15,50000
121112,물 뱃도치드래곤,hero,dealer,water,701012,20,701122,20,701123,5,15000,701014,10,701123,30,701124,15,50000
121113,불 뱃도치드래곤,hero,dealer,fire,701012,20,701132,20,701133,5,15000,701014,10,701133,30,701134,15,50000
121115,어둠 뱃도치드래곤,hero,dealer,dark,701012,20,701152,20,701153,5,15000,701014,10,701153,30,701154,15,50000
121122,물 썬더볼트,legend,dealer,water,701013,20,701122,30,701123,15,15000,701014,20,701123,60,701124,30,50000
121124,빛 썬더볼트,legend,dealer,light,701013,20,701142,30,701143,15,15000,701014,20,701143,60,701144,30,50000
121131,땅 프로스티,legend,supporter,earth,701013,20,701112,30,701113,15,15000,701014,20,701113,60,701114,30,50000
121132,물 프로스티,legend,supporter,water,701013,20,701122,30,701123,15,15000,701014,20,701123,60,701124,30,50000
121133,불 프로스티,legend,supporter,fire,701013,20,701132,30,701133,15,15000,701014,20,701133,60,701134,30,50000
121134,빛 프로스티,legend,supporter,light,701013,20,701142,30,701143,15,15000,701014,20,701143,60,701144,30,50000
121153,불 테카누프,legend,dealer,fire,701013,20,701132,30,701133,15,15000,701014,20,701133,60,701134,30,50000
121155,어둠 테카누프,legend,dealer,dark,701013,20,701152,30,701153,15,15000,701014,20,701153,60,701154,30,50000
121141,땅 미이라곤,hero,dealer,earth,701012,20,701112,20,701113,5,15000,701014,10,701113,30,701114,15,50000
121142,물 미이라곤,hero,dealer,water,701012,20,701122,20,701123,5,15000,701014,10,701123,30,701124,15,50000
121143,불 미이라곤,hero,dealer,fire,701012,20,701132,20,701133,5,15000,701014,10,701133,30,701134,15,50000
121145,어둠 미이라곤,hero,dealer,dark,701012,20,701152,20,701153,5,15000,701014,10,701153,30,701154,15,50000
121162,물 트로페우스,legend,tanker,water,701013,20,701122,30,701123,15,15000,701014,20,701123,60,701124,30,50000
121163,불 트로페우스,legend,tanker,fire,701013,20,701132,30,701133,15,15000,701014,20,701133,60,701134,30,50000
121164,빛 트로페우스,legend,tanker,light,701013,20,701142,30,701143,15,15000,701014,20,701143,60,701144,30,50000
121171,땅 미스틱티니,hero,supporter,earth,701012,20,701112,20,701113,5,15000,701014,10,701113,30,701114,15,50000
121172,물 미스틱티니,hero,supporter,water,701012,20,701122,20,701123,5,15000,701014,10,701123,30,701124,15,50000
121173,불 미스틱티니,hero,supporter,fire,701012,20,701132,20,701133,5,15000,701014,10,701133,30,701134,15,50000
121174,빛 미스틱티니,hero,supporter,light,701012,20,701142,20,701143,5,15000,701014,10,701143,30,701144,15,50000
121181,땅 마룡,legend,dealer,earth,701013,20,701112,30,701113,15,15000,701014,20,701113,60,701114,30,50000
121182,물 마룡,legend,dealer,water,701013,20,701122,30,701123,15,15000,701014,20,701123,60,701124,30,50000
121183,불 마룡,legend,dealer,fire,701013,20,701132,30,701133,15,15000,701014,20,701133,60,701134,30,50000
121185,어둠 마룡,legend,dealer,dark,701013,20,701152,30,701153,15,15000,701014,20,701153,60,701154,30,50000
121191,땅 로루스,legend,supporter,earth,701013,20,701112,30,701113,15,15000,701014,20,701113,60,701114,30,50000
121193,불 로루스,legend,supporter,fire,701013,20,701132,30,701133,15,15000,701014,20,701133,60,701134,30,50000
121194,빛 로루스,legend,supporter,light,701013,20,701142,30,701143,15,15000,701014,20,701143,60,701144,30,50000
121205,어둠 저네르,legend,dealer,dark,701013,20,701152,30,701153,15,15000,701014,20,701153,60,701154,30,50000
121301,땅 제노스,legend,healer,earth,701013,20,701112,30,701113,15,15000,701014,20,701113,60,701114,30,50000
121302,물 제노스,legend,healer,water,701013,20,701122,30,701123,15,15000,701014,20,701123,60,701124,30,50000
121304,빛 제노스,legend,healer,light,701013,20,701142,30,701143,15,15000,701014,20,701143,60,701144,30,50000
121403,불 디멘션드래곤,legend,dealer,fire,701013,20,701132,30,701133,15,15000,701014,20,701133,60,701134,30,50000
121404,빛 디멘션드래곤,legend,dealer,light,701013,20,701142,30,701143,15,15000,701014,20,701143,60,701144,30,50000
121405,어둠 디멘션드래곤,legend,dealer,dark,701013,20,701152,30,701153,15,15000,701014,20,701153,60,701154,30,50000
121411,땅 일란,legend,supporter,earth,701013,20,701112,30,701113,15,15000,701014,20,701113,60,701114,30,50000
121412,물 일란,legend,supporter,water,701013,20,701122,30,701123,15,15000,701014,20,701123,60,701124,30,50000
121415,어둠 일란,legend,supporter,dark,701013,20,701152,30,701153,15,15000,701014,20,701153,60,701154,30,50000
121421,땅 머드드래곤,rare,dealer,earth,701011,20,701111,20,701112,10,15000,701013,20,701112,50,701113,25,50000
121422,물 머드드래곤,rare,dealer,water,701011,20,701121,20,701122,10,15000,701013,20,701122,50,701123,25,50000
121424,빛 머드드래곤,rare,dealer,light,701011,20,701141,20,701142,10,15000,701013,20,701142,50,701143,25,50000
121431,땅 카마리,legend,dealer,earth,701013,20,701112,30,701113,15,15000,701014,20,701113,60,701114,30,50000
121434,빛 카마리,legend,dealer,light,701013,20,701142,30,701143,15,15000,701014,20,701143,60,701144,30,50000
121442,물 드래곤슬레이어,legend,dealer,water,701013,20,701122,30,701123,15,15000,701014,20,701123,60,701124,30,50000
121443,불 드래곤슬레이어,legend,dealer,fire,701013,20,701132,30,701133,15,15000,701014,20,701133,60,701134,30,50000
121445,어둠 드래곤슬레이어,legend,dealer,dark,701013,20,701152,30,701153,15,15000,701014,20,701153,60,701154,30,50000
121451,땅 가이안,legend,tanker,earth,701013,20,701112,30,701113,15,15000,701014,20,701113,60,701114,30,50000
121452,물 가이안,legend,tanker,water,701013,20,701122,30,701123,15,15000,701014,20,701123,60,701124,30,50000
121455,어둠 가이안,legend,tanker,dark,701013,20,701152,30,701153,15,15000,701014,20,701153,60,701154,30,50000
121461,땅 카오스,legend,dealer,earth,701013,20,701112,30,701113,15,15000,701014,20,701113,60,701114,30,50000
121462,물 카오스,legend,dealer,water,701013,20,701122,30,701123,15,15000,701014,20,701123,60,701124,30,50000
121463,불 카오스,legend,dealer,fire,701013,20,701132,30,701133,15,15000,701014,20,701133,60,701134,30,50000
121465,어둠 카오스,legend,dealer,dark,701013,20,701152,30,701153,15,15000,701014,20,701153,60,701154,30,50000
121473,불 타나토스,legend,supporter,fire,701013,20,701132,30,701133,15,15000,701014,20,701133,60,701134,30,50000
121474,빛 타나토스,legend,supporter,light,701013,20,701142,30,701143,15,15000,701014,20,701143,60,701144,30,50000
121481,땅 코스모,legend,healer,earth,701013,20,701112,30,701113,15,15000,701014,20,701113,60,701114,30,50000
121482,물 코스모,legend,healer,water,701013,20,701122,30,701123,15,15000,701014,20,701123,60,701124,30,50000
121484,빛 코스모,legend,healer,light,701013,20,701142,30,701143,15,15000,701014,20,701143,60,701144,30,50000
121494,빛 아실리,legend,tanker,light,701013,20,701142,30,701143,15,15000,701014,20,701143,60,701144,30,50000
121501,땅 틸키,legend,dealer,earth,701013,20,701112,30,701113,15,15000,701014,20,701113,60,701114,30,50000
121502,물 틸키,legend,dealer,water,701013,20,701122,30,701123,15,15000,701014,20,701123,60,701124,30,50000
121504,빛 틸키,legend,dealer,light,701013,20,701142,30,701143,15,15000,701014,20,701143,60,701144,30,50000
121505,어둠 틸키,legend,dealer,dark,701013,20,701152,30,701153,15,15000,701014,20,701153,60,701154,30,50000
121511,땅 유리온,legend,supporter,earth,701013,20,701112,30,701113,15,15000,701014,20,701113,60,701114,30,50000
121512,물 유리온,legend,supporter,water,701013,20,701122,30,701123,15,15000,701014,20,701123,60,701124,30,50000
121515,어둠 유리온,legend,supporter,dark,701013,20,701152,30,701153,15,15000,701014,20,701153,60,701154,30,50000
121522,물 혼,legend,dealer,water,701013,20,701122,30,701123,15,15000,701014,20,701123,60,701124,30,50000
121523,불 혼,legend,dealer,fire,701013,20,701132,30,701133,15,15000,701014,20,701133,60,701134,30,50000
121524,빛 혼,legend,dealer,light,701013,20,701142,30,701143,15,15000,701014,20,701143,60,701144,30,50000
121531,땅 스트라,hero,supporter,earth,701012,20,701112,20,701113,5,15000,701014,10,701113,30,701114,15,50000
121532,물 스트라,hero,supporter,water,701012,20,701122,20,701123,5,15000,701014,10,701123,30,701124,15,50000
121534,빛 스트라,hero,supporter,light,701012,20,701142,20,701143,5,15000,701014,10,701143,30,701144,15,50000
121551,땅 레무레스,legend,dealer,earth,701013,20,701112,30,701113,15,15000,701014,20,701113,60,701114,30,50000
121555,어둠 레무레스,legend,dealer,dark,701013,20,701152,30,701153,15,15000,701014,20,701153,60,701154,30,50000
121541,땅 발록,legend,tanker,earth,701013,20,701112,30,701113,15,15000,701014,20,701113,60,701114,30,50000
121543,불 발록,legend,tanker,fire,701013,20,701132,30,701133,15,15000,701014,20,701133,60,701134,30,50000
121544,빛 발록,legend,tanker,light,701013,20,701142,30,701143,15,15000,701014,20,701143,60,701144,30,50000
121562,물 포세이돈,legend,dealer,water,701013,20,701122,30,701123,15,15000,701014,20,701123,60,701124,30,50000
121564,빛 포세이돈,legend,dealer,light,701013,20,701142,30,701143,15,15000,701014,20,701143,60,701144,30,50000
121565,어둠 포세이돈,legend,dealer,dark,701013,20,701152,30,701153,15,15000,701014,20,701153,60,701154,30,50000
121572,물 포포모,legend,healer,water,701013,20,701122,30,701123,15,15000,701014,20,701123,60,701124,30,50000
121573,불 포포모,legend,healer,fire,701013,20,701132,30,701133,15,15000,701014,20,701133,60,701134,30,50000
121575,어둠 포포모,legend,healer,dark,701013,20,701152,30,701153,15,15000,701014,20,701153,60,701154,30,50000
121582,물 말로단,legend,dealer,water,701013,20,701122,30,701123,15,15000,701014,20,701123,60,701124,30,50000
121584,빛 말로단,legend,dealer,light,701013,20,701142,30,701143,15,15000,701014,20,701143,60,701144,30,50000
121593,불 메테오라,legend,supporter,fire,701013,20,701132,30,701133,15,15000,701014,20,701133,60,701134,30,50000
121595,어둠 메테오라,legend,supporter,dark,701013,20,701152,30,701153,15,15000,701014,20,701153,60,701154,30,50000
121601,땅 헬카이저,legend,dealer,earth,701013,20,701112,30,701113,15,15000,701014,20,701113,60,701114,30,50000
121603,불 헬카이저,legend,dealer,fire,701013,20,701132,30,701133,15,15000,701014,20,701133,60,701134,30,50000
121605,어둠 헬카이저,legend,dealer,dark,701013,20,701152,30,701153,15,15000,701014,20,701153,60,701154,30,50000
121612,물 이터널,legend,supporter,water,701013,20,701122,30,701123,15,15000,701014,20,701123,60,701124,30,50000
121613,불 이터널,legend,supporter,fire,701013,20,701132,30,701133,15,15000,701014,20,701133,60,701134,30,50000
121614,빛 이터널,legend,supporter,light,701013,20,701142,30,701143,15,15000,701014,20,701143,60,701144,30,50000
121622,물 오르도,legend,dealer,water,701013,20,701122,30,701123,15,15000,701014,20,701123,60,701124,30,50000
121623,불 오르도,legend,dealer,fire,701013,20,701132,30,701133,15,15000,701014,20,701133,60,701134,30,50000
121624,빛 오르도,legend,dealer,light,701013,20,701142,30,701143,15,15000,701014,20,701143,60,701144,30,50000
121631,땅 아스티,legend,healer,earth,701013,20,701112,30,701113,15,15000,701014,20,701113,60,701114,30,50000
121632,물 아스티,legend,healer,water,701013,20,701122,30,701123,15,15000,701014,20,701123,60,701124,30,50000
121634,빛 아스티,legend,healer,light,701013,20,701142,30,701143,15,15000,701014,20,701143,60,701144,30,50000
121643,불 탈릿사,myth,dealer,fire,701013,200,701132,300,701133,150,150000,701014,200,701133,600,701134,300,500000
121651,땅 합라,legend,dealer,earth,701013,20,701112,30,701113,15,15000,701014,20,701113,60,701114,30,50000
121653,불 합라,legend,dealer,fire,701013,20,701132,30,701133,15,15000,701014,20,701133,60,701134,30,50000
121654,빛 합라,legend,dealer,light,701013,20,701142,30,701143,15,15000,701014,20,701143,60,701144,30,50000
121661,땅 화이트 디스트로이어,legend,dealer,earth,701013,20,701112,30,701113,15,15000,701014,20,701113,60,701114,30,50000
121663,불 화이트 디스트로이어,legend,dealer,fire,701013,20,701132,30,701133,15,15000,701014,20,701133,60,701134,30,50000
121664,빛 화이트 디스트로이어,legend,dealer,light,701013,20,701142,30,701143,15,15000,701014,20,701143,60,701144,30,50000
121683,불 아바돈,legend,dealer,fire,701013,20,701132,30,701133,15,15000,701014,20,701133,60,701134,30,50000
121692,물 히프노스,legend,dealer,water,701013,20,701122,30,701123,15,15000,701014,20,701123,60,701124,30,50000
121701,땅 아르테미스드래곤,legend,supporter,earth,701013,20,701112,30,701113,15,15000,701014,20,701113,60,701114,30,50000
121702,물 아르테미스드래곤,legend,supporter,water,701013,20,701122,30,701123,15,15000,701014,20,701123,60,701124,30,50000
121705,어둠 아르테미스드래곤,legend,supporter,dark,701013,20,701152,30,701153,15,15000,701014,20,701153,60,701154,30,50000
121711,땅 다르누스,legend,healer,earth,701013,20,701112,30,701113,15,15000,701014,20,701113,60,701114,30,50000
121712,물 다르누스,legend,healer,water,701013,20,701122,30,701123,15,15000,701014,20,701123,60,701124,30,50000
121714,빛 다르누스,legend,healer,light,701013,20,701142,30,701143,15,15000,701014,20,701143,60,701144,30,50000
121722,물 폴투누스,legend,dealer,water,701013,20,701122,30,701123,15,15000,701014,20,701123,60,701124,30,50000
121735,어둠 세에레,myth,supporter,dark,701013,200,701152,300,701153,150,150000,701014,200,701153,600,701154,300,500000
121742,물 애니마라,legend,dealer,water,701013,20,701122,30,701123,15,15000,701014,20,701123,60,701124,30,50000
121743,불 애니마라,legend,dealer,fire,701013,20,701132,30,701133,15,15000,701014,20,701133,60,701134,30,50000
121745,어둠 애니마라,legend,dealer,dark,701013,20,701152,30,701153,15,15000,701014,20,701153,60,701154,30,50000
121752,물 데스락,myth,dealer,water,701013,200,701122,300,701123,150,150000,701014,200,701123,600,701124,300,500000
121765,어둠 마카라,myth,tanker,dark,701013,200,701152,300,701153,150,150000,701014,200,701153,600,701154,300,500000
121771,땅 헤네스,myth,dealer,earth,701013,200,701112,300,701113,150,150000,701014,200,701113,600,701114,300,500000
121784,빛 템페렌티나,myth,healer,light,701013,200,701142,300,701143,150,150000,701014,200,701143,600,701144,300,500000
121792,물 카스티타스,myth,supporter,water,701013,200,701122,300,701123,150,150000,701014,200,701123,600,701124,300,500000
121804,빛 밀라타스,myth,dealer,light,701013,200,701142,300,701143,150,150000,701014,200,701143,600,701144,300,500000
121813,불 러스트,myth,supporter,fire,701013,200,701132,300,701133,150,150000,701014,200,701133,600,701134,300,500000
121821,땅 글루토니,myth,tanker,earth,701013,200,701112,300,701113,150,150000,701014,200,701113,600,701114,300,500000
121833,불 페티아,myth,healer,fire,701013,200,701132,300,701133,150,150000,701014,200,701133,600,701134,300,500000
121842,물 엔비,myth,dealer,water,701013,200,701122,300,701123,150,150000,701014,200,701123,600,701124,300,500000
121854,빛 인스트리아,myth,supporter,light,701013,200,701142,300,701143,150,150000,701014,200,701143,600,701144,300,500000
121861,땅 오베론,myth,healer,earth,701013,200,701112,300,701113,150,150000,701014,200,701113,600,701114,300,500000
121875,어둠 프라이드,myth,dealer,dark,701013,200,701152,300,701153,150,150000,701014,200,701153,600,701154,300,500000
121882,물 라루스,myth,healer,water,701013,200,701122,300,701123,150,150000,701014,200,701123,600,701124,300,500000
121894,빛 포너,myth,tanker,light,701013,200,701142,300,701143,150,150000,701014,200,701143,600,701144,300,500000
121901,땅 베네보렌티아,myth,supporter,earth,701013,200,701112,300,701113,150,150000,701014,200,701113,600,701114,300,500000
121913,불 라스,myth,dealer,fire,701013,200,701132,300,701133,150,150000,701014,200,701133,600,701134,300,500000
121925,어둠 그리드,myth,dealer,dark,701013,200,701152,300,701153,150,150000,701014,200,701153,600,701154,300,500000
121933,불 마카롱,myth,tanker,fire,701013,200,701132,300,701133,150,150000,701014,200,701133,600,701134,300,500000
121941,땅 네무스,myth,dealer,earth,701013,200,701112,300,701113,150,150000,701014,200,701113,600,701114,300,500000
121954,빛 태초의 고대신룡,myth,dealer,light,701013,200,701142,300,701143,150,150000,701014,200,701143,600,701144,300,500000
121962,물 레슬로,myth,tanker,water,701013,200,701122,300,701123,150,150000,701014,200,701123,600,701124,300,500000
121975,어둠 바르그,myth,dealer,dark,701013,200,701152,300,701153,150,150000,701014,200,701153,600,701154,300,500000
121981,땅 카네드,myth,supporter,earth,701013,200,701112,300,701113,150,150000,701014,200,701113,600,701114,300,500000
121993,불 칼리시,myth,supporter,fire,701013,200,701132,300,701133,150,150000,701014,200,701133,600,701134,300,500000
122002,,myth,dealer,water,701013,200,701122,300,701123,150,150000,701014,200,701123,600,701124,300,500000
122012,,myth,healer,water,701013,200,701122,300,701123,150,150000,701014,200,701123,600,701124,300,500000
122021,,myth,supporter,earth,701013,200,701112,300,701113,150,150000,701014,200,701113,600,701114,300,500000
122031,,myth,tanker,earth,701013,200,701112,300,701113,150,150000,701014,200,701113,600,701114,300,500000
122043,,myth,tanker,fire,701013,200,701132,300,701133,150,150000,701014,200,701133,600,701134,300,500000
122055,어둠 파멸의 다크닉스,myth,dealer,dark,701013,200,701152,300,701153,150,150000,701014,200,701153,600,701154,300,500000
122065,어둠 마스테마,myth,tanker,dark,701013,200,701152,300,701153,150,150000,701014,200,701153,600,701154,300,500000
122073,불 숭고한 번개고룡,myth,dealer,fire,701013,200,701132,300,701133,150,150000,701014,200,701133,600,701134,300,500000
122082,물 체스토,myth,healer,water,701013,200,701122,300,701123,150,150000,701014,200,701123,600,701124,300,500000
122094,빛 카루라,myth,dealer,light,701013,200,701142,300,701143,150,150000,701014,200,701143,600,701144,300,500000
128004,빛 골드라고라,common,tanker,light,701113,99,701123,99,701133,99,99999,701114,99,701124,99,701134,99,999999
180011,부엉이,common,tanker,earth,,,,,,,,,,,,,,
180012,부엉이,common,tanker,water,,,,,,,,,,,,,,
180013,부엉이,common,tanker,fire,,,,,,,,,,,,,,
180021,괴물 식물,common,supporter,earth,,,,,,,,,,,,,,
180022,괴물 식물,common,supporter,water,,,,,,,,,,,,,,
180023,괴물 식물,common,supporter,fire,,,,,,,,,,,,,,
180031,해골생선,common,dealer,earth,,,,,,,,,,,,,,
180032,해골생선,common,dealer,water,,,,,,,,,,,,,,
180033,해골생선,common,dealer,fire,,,,,,,,,,,,,,
180041,미니언,common,healer,earth,,,,,,,,,,,,,,
180042,미니언,common,healer,water,,,,,,,,,,,,,,
180043,미니언,common,healer,fire,,,,,,,,,,,,,,
180051,복상어,common,tanker,earth,,,,,,,,,,,,,,
180052,복상어,common,tanker,water,,,,,,,,,,,,,,
180053,복상어,common,tanker,fire,,,,,,,,,,,,,,
180061,문어,common,supporter,earth,,,,,,,,,,,,,,
180062,문어,common,supporter,water,,,,,,,,,,,,,,
180063,문어,common,supporter,fire,,,,,,,,,,,,,,
180071,하피주니어,common,healer,earth,,,,,,,,,,,,,,
180072,하피주니어,common,healer,water,,,,,,,,,,,,,,
180073,하피주니어,common,healer,fire,,,,,,,,,,,,,,
180081,악마날개,common,dealer,earth,,,,,,,,,,,,,,
180082,악마날개,common,dealer,water,,,,,,,,,,,,,,
180083,악마날개,common,dealer,fire,,,,,,,,,,,,,,
180091,킬러비,common,dealer,earth,,,,,,,,,,,,,,
180092,킬러비,common,dealer,water,,,,,,,,,,,,,,
180093,킬러비,common,dealer,fire,,,,,,,,,,,,,,
180101,아울베어,common,tanker,earth,,,,,,,,,,,,,,
180102,아울베어,common,tanker,water,,,,,,,,,,,,,,
180103,아울베어,common,tanker,fire,,,,,,,,,,,,,,
180111,라플레시아,common,supporter,earth,,,,,,,,,,,,,,
180112,라플레시아,common,supporter,water,,,,,,,,,,,,,,
180113,라플레시아,common,supporter,fire,,,,,,,,,,,,,,
180121,상어전사,common,dealer,earth,,,,,,,,,,,,,,
180122,상어전사,common,dealer,water,,,,,,,,,,,,,,
180123,상어전사,common,dealer,fire,,,,,,,,,,,,,,
180131,독문어,common,supporter,earth,,,,,,,,,,,,,,
180132,독문어,common,supporter,water,,,,,,,,,,,,,,
180133,독문어,common,supporter,fire,,,,,,,,,,,,,,
180141,대지정령,common,tanker,earth,,,,,,,,,,,,,,
180142,대지정령,common,tanker,water,,,,,,,,,,,,,,
180143,대지정령,common,tanker,fire,,,,,,,,,,,,,,
180151,감시자,common,healer,earth,,,,,,,,,,,,,,
180152,감시자,common,healer,water,,,,,,,,,,,,,,
180153,감시자,common,healer,fire,,,,,,,,,,,,,,